Force_N,PGM_Length_mm
0.5,319.08
1.0,320.19
1.5,320.8
2.0,322.41
2.5,322.92
3.0,324.14
3.5,324.83
4.0,325.94
4.5,327.35
5.0,328.24
5.5,329.27
6.0,330.55
6.5,331.79
7.0,332.9
7.5,333.88
8.0,334.89
8.5,335.93
9.0,337.18
9.5,337.91
10.0,339.0
10.5,340.23
11.0,341.23
11.5,342.34
12.0,343.4
12.5,344.51
13.0,345.32
13.5,346.28
14.0,347.28
14.5,348.1
15.0,349.15
15.5,350.26
16.0,351.14
16.5,351.74
17.0,352.68
17.5,353.42
18.0,354.17
18.5,355.08
19.0,355.99
19.5,357.02
20.0,357.85
20.5,358.94
21.0,360.05
21.5,361.16
22.0,361.97
22.5,362.97
23.0,363.28
23.5,365.51
24.0,366.09
24.5,366.3
25.0,366.81
25.5,367.92
26.0,368.73
26.5,368.93
27.0,370.04
27.5,369.95
28.0,369.34
28.5,372.07
29.0,372.37
29.5,372.74
30.0,373.58
30.5,374.8
31.0,374.8
31.5,376.09
32.0,377.22
32.5,377.53
33.0,377.9
33.5,378.74
34.0,379.95
34.5,379.95
35.0,380.79
35.5,381.93
36.0,382.08
36.5,382.68
37.0,383.45
37.5,384.2
38.0,384.71
38.5,385.72
39.0,386.32
39.5,386.82
40.0,387.23
40.5,387.84
41.0,387.84
41.5,388.75
42.0,389.36
42.5,390.27
43.0,390.27
43.5,390.9
44.0,391.78
44.5,392.09
45.0,393.0
45.5,393.45
46.0,394.33
46.5,395.14
47.0,396.03
47.5,396.33
48.0,396.95
48.5,397.67
